,Title,Author,Rating,Price
0,The Psychology of Money,Morgan Housel,4.6,₹300.00
1,Mohammad Shakeel,N/A,0,₹284.00
2,My First Library: Boxset of 10 Board Books for Kids,Wonder House Books,4.5,₹349.00
3,Rich Dad Poor Dad: What the Rich Teach Their Kids About Money That the Poor and Middle Class Do Not!,Robert T. Kiyosaki,4.6,₹299.00
4,Atomic Habits: The life-changing million copy bestseller,James Clear,4.6,₹639.00
5,It Ends With Us: A Novel: Volume 1,Colleen Hoover,4.5,₹399.00
6,The Power of Your Subconscious Mind,Joseph Murphy,4.5,₹119.00
7,"Grandma's Bag of Stories: Collection of 20+ Illustrated short stories, traditional Indian folk tales for all ages for children of all ages by Sudha Murty",N/A,4.6,₹155.00
8,27 Years UPSC IAS/ IPS Prelims Topic-wise Solved Papers 1 & 2 (1995 - 2021) 12th Edition,N/A,4.5,₹343.00
9,Mathematics for Class 10 - CBSE - by R.D. Sharma Examination 2022-23,R.D. Sharma,4.4,₹439.00
10,Ikigai: The Japanese secret to a long and happy life,Héctor García,4.6,₹429.00
11,Word Power Made Easy,Norman Lewis,4.4,₹145.00
12,Moral Story Books for Kids (Pack of 10 Books) | 160 Total Pages | Illustrated Stories,N/A,4.3,₹249.00
13,Quantitative Aptitude for Competitive Examinations,R S Aggarwal,4.4,₹449.00
14,"My First Mythology Tale (Illustrated) (Set of 5 Books) - Mahabharata, Krishna, Hanuman, Ganesha, Ramayana - Story Book for Kids",Maple Press,4.4,₹174.00
15,CBSE All In One Social Science Class 10 2022-23 Edition,N/A,4.4,₹494.00
16,How to Win Friends and Influence People,Dale Carnegie,4.5,₹96.00
17,Best of Children’s Classics (Set of 5 Books): Perfect Gift Set for Kids,N/A,4.4,₹474.00
18,Attitude Is Everything: Change Your Attitude ... Change Your Life!,Jeff Keller,4.5,₹129.00
19,"MTG Objective NCERT at your FINGERTIPS - Biology, Best NEET Books (Based on NCERT Pattern - Latest & Revised Edition 2022)",N/A,4.6,₹573.00
20,The Almanack Of Naval Ravikant: A Guide to Wealth and Happiness,Eric Jorgenson,4.7,₹195.00
21,CBSE All In One Science Class 10 for 2022-23 Edition,N/A,4.9,₹575.00
22,Brain Activity Book for Kids - 200+ Activities for Age 3+,N/A,4.5,₹79.00
23,My First Book of Pencil Control : Practice Pattern Writing (Full Color Pages): Patterns Practice book for kids (Pattern Writing),N/A,4.4,₹140.00
24,The Subtle Art of Not Giving a F*ck: A Counterintuitive Approach to Living a Good Life,Mark Manson,4.5,₹279.00
25,DO EPIC SHIT,Ankur Warikoo,4.5,₹292.00
26,Mathematics for Class 9 - CBSE - by R.D. Sharma Examination 2022-23,R.D. Sharma,4.6,₹499.00
27,The Alchemist,Paulo Coelho,4.6,₹196.00
28,Great Stories for Children,Ruskin Bond,4.5,₹119.00
29,"Brain Games for Clever Kids: Puzzles to Exercise Your Mind (Buster Brain Games, 1)",N/A,4.3,₹189.00
30,Arihant CBSE English Core Term 2 Class 12 for 2022 Exam (Cover Theory and MCQs),N/A,4.3,₹133.00
31,101 Panchatantra Stories for Children: Colourful Illustrated Stories,N/A,4.5,₹129.00
32,General Knowledge,N/A,4.4,₹168.00
33,The Power of A Positive Attitude: Your Road To Success,Roger Fritz,4.4,₹94.00
34,The Intelligent Investor (English) Paperback – 2013,Benjamin Graham,4.5,₹448.00
35,The Diary of a Young Girl,Anne Frank,4.6,₹96.00
36,Brijbhoomi Books And Handicrafts® Bhagavad Gita: Yatharoop,N/A,4.8,₹188.00
37,Colour With Crayons Book 1 for Kids Age 1 -6 Years - Drawing and Colouring Book for Early Learners,N/A,4.2,₹70.00
38,400 Days,Chetan Bhagat,4.4,₹150.00
39,My First ABC Sticker Book: Exciting Sticker Book With 100 Stickers,Wonder House Books,4.4,₹132.00
40,GIKSO 100 Maths Puzzles Book - Brain Boosting Mathematical Activities for Age 7+ Years Old Kids | Game Book (English) - Reprinted 2021,N/A,4.3,₹188.00
41,NTA CUET UG General Test Book (Common University Entrance Test 2022),N/A,5.0,₹246.00
42,"MTG 34 Years NEET Previous Year Solved Question Papers with NEET Chapterwise Topicwise Solutions - NEET 2022 Preparation Books, Set of 3 Books NTA Neet 34 Years Questions, Physics Chemistry Biology",N/A,4.4,₹670.00
43,"SHNMN Sank Magic Practice Copybook, (4 BOOK + 2 pen + 2 GRIP + 10 REFILL) Number Tracing Book for Preschoolers with Pen, Magic calligraphy books for kids Reusable Writing Tool (4 BOOK +10 REFILL+ 2 PEN)",N/A,4.7,₹378.00
44,Concept of Physics by H.C Verma Part - I - Session 2022-23,H.C. Verma,4.6,₹420.00
45,Think and Grow Rich,Napoleon Hill,4.5,₹94.00
46,"MTG Objective NCERT at your FINGERTIPS - Chemistry, Best Books for NEET & JEE Preparation (Based on NCERT Pattern - Latest & Revised Edition 2022)",N/A,4.5,₹489.00
47,"The 5 AM Club: Own Your Morning, Elevate Your Life",Robin Sharma,4.5,₹257.00
48,The Compound Effect,Darren Hardy,4.6,₹180.00
49,Mathematics for Class 8 - CBSE - by R.D. Sharma Examination 2022-2023,R.D. Sharma,4.6,₹432.00
50,"To Nature, with love -The Times Evoke Collection",N/A,4.7,₹999.00
51,World’s Greatest Books For Personal Growth & Wealth (Set of 4 Books): Perfect Motivational Gift Set,N/A,4.5,₹279.00
52,The Seven Husbands of Evelyn Hugo: A Novel,Taylor Jenkins Reid,4.5,₹189.00
53,The Spanish Love Deception,Elena Armas,4.2,₹172.00
54,The Theory of Everything: The Origin and Fate of the Universe,Stephen Hawking,4.6,₹139.00
55,How to Talk to Anyone: 92 Little Tricks for Big Success in Relationships,Leil Lowndes,4.4,₹209.00
56,Manorama English Yearbook 2022,Mammen Mathew,4.6,₹279.00
57,CBSE All In One English Core Class 12 2022-23 Edition,N/A,4.0,₹494.00
58,The Blue Umbrella,Ruskin Bond,4.5,₹89.00
59,The Girl Who Drank the Moon,Kelly Barnhill,4.5,₹269.00
60,Mindset: Changing The Way You think To Fulfil Your Potential,N/A,4.6,₹279.00
61,"Three Thousand Stitches: Ordinary People, Extraordinary Lives",N/A,4.6,₹209.00
62,"ZOQWEID Magic Practice Copybook, (4 BOOK + 2 pen + 10 REFILL) Number Tracing Book for Preschoolers with Pen, Magic Calligraphy Copybook Set Practical Reusable Writing Tool Simple Hand Lettering (19*13 CM)",N/A,4.7,₹345.00
63,"Karma: A Yogi's Guide to Crafting Your Destiny | Spirituality, Self-improvement & Self help books by Sadhguru | Penguin",Sadhguru,4.7,₹256.00
64,Secondary School Mathematics for Class 9 - CBSE - by R.S. Aggarwal Examination 2022-2023,R.S. Aggarwal,4.5,₹380.00
65,Oswaal Term 2 Mathematics CBSE Class 12 Sample Question Paper Book (For Term-2 2022 Exam) Oswaal Books,Oswaal Editorial Board,4.6,₹127.00
66,The Illustrated Stories Of Akbar and Birbal: Classic Tales From India,Wonder House Books,4.6,₹154.00
67,How to Prepare for QUANTITATIVE APTITUDE for CAT ( With CAT Practice Tests on Pull Marks )| 9th Edition,Arun Sharma,4.5,₹725.00
68,One Arranged Murder,Chetan Bhagat,4.4,₹139.00
69,Computer Science With Python Textbook And Practical Book For Class 12 (Examination 2022-2023),Sumita Arora,4.5,₹514.00
70,"My First 1000 Words: Early Learning Picture Book to Learn Alphabet, Numbers, Shapes and Colours, Transport, Birds and Animals, Professions, Opposite ... Parts of the body and Objects Around Us.",Wonder House Books,4.5,₹142.00
71,Who Will Cry When You Die?,Robin Sharma,4.5,₹133.00
72,How to Crack Test Of Reasoning- REVISED EDITION,Jaikishan,4.3,₹149.00
73,Apke Avchetan Man Ki Shakti (The Power of your Subconscious Mind in Hindi),Joseph Murphy,4.4,₹94.00
74,"Educart NEET 30 Previous Year Solved Papers (Physics, Chemistry & Biology) For 2022 Exam (5000+ questions with explanations)",N/A,4.8,₹393.00
75,The Kid Who Came From Space,Ross Welford,4.5,₹305.00
76,"MTG Objective NCERT at your FINGERTIPS - Physics, Best Books for NEET & JEE Preparation (Based on NCERT Pattern - Latest & Revised Edition 2022)",N/A,4.5,₹500.00
77,And Then There Were None: The World’s Favourite Agatha Christie Book: The World’s Favourite Agatha Christie Book,Agatha Christie,4.6,₹165.00
78,"Oswaal CBSE Question Bank Chapterwise For Term 2, Class 12, Chemistry (For 2022 Exam)",Oswaal Editorial Board,4.4,₹254.00
79,"Designing Data-Intensive Applications: The Big Ideas Behind Reliable, Scalable, and Maintainable Systems",Martin Kleppmann,4.7,"₹1,600.00"
80,Indian Art and Culture ( English| 4th Edition) | UPSC | Civil Services Exam | State Administrative Exams,N/A,4.6,₹580.00
81,Secondary School Mathematics for Class 10 - CBSE - by R.S. Aggarwal Examination 2022-2023,R.S. Aggarwal,4.5,₹425.00
82,N/A,N/A,4.5,₹159.00
83,Mandala Art: Colouring Books for Adults with Tear Out Sheets (Adult Colouring Book),Wonder House Books,4.6,₹123.00
84,Pathfinder NDA/NA National Defence Academy & Naval Academy Entrance Examination,Arihant Experts,4.5,₹452.00
85,A Brief History of Modern India (2019-2020 Edition) by Spectrum Books,N/A,4.5,₹355.00
86,Grandparents' Bag of Stories,N/A,4.7,₹139.00
87,Pankaj Ladha & Anant Ladha,N/A,0,₹284.00
88,The Time Machine,H. G. Wells,4.4,₹85.00
89,"My First Super Boxset of Pencil Control and Patterns : Pack of 4 interactive activity books to practice Patterns, Numbers and Alphabet: A set of 4 ... to practice Patterns, Numbers and Alphabet",Wonder House Books,4.5,₹290.00
90,My First Experiences Sticker Book,Wonder House Books,4.3,₹123.00
91,How to Prepare for Verbal Ability and Reading Comprehension for CAT | 9th Edition,Arun Sharma,4.5,₹649.00
92,My First Shapes and Colours Sticker Book: Exciting Sticker Book With 100 Stickers,Wonder House Books,4.5,₹123.00
93,Technical Analysis Aur Candlestick Ki Pehchan - Guide To Technical Analysis & Candlesticks Hindi,N/A,3.7,₹240.00
94,Mathematics for Class 7 - CBSE - by R.D. Sharma Examination 2022-2023,R.D. Sharma,4.6,₹337.00
95,"One Day, Life Will Change: A story of love and inspiration to win life when it hits you hard . . .",Saranya Umakanthan,4.5,₹129.00
96,The 7 Habits of Highly Effective People,Stephen R. Covey,4.5,₹329.00
97,The Power Of Now: A Guide To Spiritual Enlightenment,Eckhart Tolle,4.5,₹350.00
98,Harry Potter Box Set: The Complete Collection (Set of 7 Volumes),J.K. Rowling,4.7,"₹2,519.00"
99,The Everyday Hero Manifesto,Robin Sharma,4.6,₹158.00
100,My First Little Librarian: Boxset of 12 Best Board Books for Kids,N/A,4.4,₹356.00
101,Wise and Otherwise: A salute to Life,N/A,4.6,₹169.00
102,World History In 3 Points,Zac Sangeeth,4.8,₹311.91
103,Current Affairs Yearly 2022,Arihant Experts,4.1,₹120.00
104,Harry Potter and the Chamber of Secrets (Harry Potter 2),J.K. Rowling,4.7,₹310.00
105,Oxford School Atlas: India's Most Trusted Atlas 36th edition,Oxford,4.5,₹287.00
106,Target High 6th Premium Edition,N/A,4.5,"₹1,127.00"
107,My First Animal Sticker Book: Exciting Sticker Book With 100 Stickers,Wonder House Books,4.4,₹120.00
108,My First Complete Learning Library: Boxset of 20 Board Books Gift Set for Kids (Horizontal Design),Wonder House Books,4.6,₹664.00
109,The Secret Garden,Frances Hodgson Burnett,4.4,₹119.00
110,"Oswaal CBSE Question Bank Chapterwise For Term 2, Class 12, English Core (For 2022 Exam)",Oswaal Editorial Board,4.5,₹214.00
111,Introductory Macro Economics for Class 12 - CBSE - by Sandeep Garg Examination 2022-23,Sandeep Garg,4.6,₹431.00
112,1001 Activities Book,N/A,4.4,₹449.00
113,SANJAY PAGHDAL,N/A,0,₹232.00
114,"The Boy, The Mole, The Fox and The Horse",Charlie Mackesy,4.8,₹642.00
115,The Secret(Tamil),Rhonda Byrne,4.6,₹284.00
116,The Power of Your Subconscious Mind,Joseph Murphy,4.5,₹94.00
117,The Richest Man in Babylon,George S. Clason,4.5,₹94.00
118,System Design Interview - An insider's guide,Alex Xu,4.5,"₹1,860.00"
119,Start With Why: The Inspiring Million-Copy Bestseller That Will Help You Find Your Purpose,Simon Sinek,4.5,₹328.00
120,"Children's Encyclopedia - Scientists, Inventions And Discoveries: The World of Knowledge",N/A,4.3,₹121.00
121,101 Panchatantra Stories with Moral (New Edition),Dreamland Publications,4.4,₹134.00
122,World's Greatest Scientists & Inventors: Biographies of Inspirational Personalities For Kids,Wonder House Books,4.5,₹94.00
123,The Power Of Your Subconscious Mind | Special hardcover edition | International Bestseller Book,N/A,4.5,₹135.00
124,Problems In GENERAL PHYSICS,I E Irodov,4.5,₹129.00
125,Mandala: Colouring Books for Adults with Tear Out Sheets (Adult Colouring Book),Wonder House Books,4.5,₹123.00
126,Rahasya (Hindi),Rhonda Byrne,4.5,₹239.00
127,THE PSYCHOLOGY OF MONEY (DELUXE EDITION),Morgan Housel,4.6,₹468.00
128,November 9: A Novel,Colleen Hoover,4.5,₹200.00
129,CBSE All In One Science Class 9 2022-23 Edition,N/A,5.0,₹495.00
130,Ruskin Bond - Stories of Wisdom,Ruskin Bond,4.4,₹100.00
131,Mahatma Gandhi Autobiography: The Story Of My Experiments With Truth,N/A,4.5,₹94.00
132,N/A,N/A,4.2,₹275.00
133,101 Witty Stories Of Akbar and Birbal - Collection Of Humorous Stories For Kids,Wonder House Books,4.6,₹284.00
134,Dhan-Sampatti Ka Manovigyan (The Psychology of Money),Morgan Housel,4.4,₹177.00
135,"Environment - 9/edition, 2022-23",Shankar,3.9,₹414.00
136,To Kill A Mockingbird: 50th Anniversary Edition: 60th Anniversary Edition,Harper Lee,4.5,₹277.00
137,Chanakya Neeti with Sutras of Chanakya Included,B.K. Chaturvedi,4.2,₹98.00
138,As a Man Thinketh,James Allen,4.5,₹52.00
139,T.S. Grewal's An Aid to Accountancy for CBSE class 12 (Term 2) 2022 Examination,N/A,4.6,₹210.00
140,Vision IAS Current Affairs March 2022 English Medium With hard cover Binding,N/A,5.0,₹60.00
141,"Meri Pratham Hindi Sulekh Boxset: Four Hindi Workbooks to Practice Words And Sentences (Shabd Gyan, Maatra Gyan, Sayukt Akshar Gyan, Vaakya Gyan)",Wonder House Books,4.4,₹195.00
142,Go To Guide for CUET (UG) English Language with 10 Practice Sets & 5 Previous Year Questions; CUCET - Central Universities Common Entrance Test,Disha Experts,3.5,₹195.00
143,Oswaal CBSE Term 2 Science Class 10 Sample Question Paper Book (For Term-2 2022 Exam),Oswaal Editorial Board,4.6,₹133.00
144,Satvic Food Book : Satvic Movement,N/A,4.5,₹510.00
145,Mathematics for Class 12 by RD Sharma (Set of 2 Vol.) - Examination 2022-23,N/A,4.4,₹820.00
146,Indian Polity - For Civil Services and Other State Examinations | 6th Edition,M. Laxmikanth,4.6,₹750.00
147,Hindi Sulekh - Varanmala - Handwriting Practice Workbook for Kids 3-6 Years Old,Maple Press,4.5,₹86.00
148,Human Body Minipedia for Kids Age 5-15 years,Dreamland Publications,4.5,₹119.00
149,Metamorphosis,Franz Kafka,4.5,₹69.00
150,"Oswal - Gurukul 36 Sample Question Papers Science (PCM) CBSE Class 12 Term II Exam 2022 : Solved New SQP Pattern (Physics, Chemistry, Maths, English Core, Physical Education)",Oswal - Gurukul,4.6,₹350.00
151,Mathematics for Class 6 - CBSE - by R.D. Sharma Examination2022-2023,R.D. Sharma,4.5,₹307.00
152,A Modern Approach To Logical Reasoning (2 Colour Edition),R.S. Aggarwal,4.3,₹189.00
153,"First Aid for the USMLE Step 1 2022, Thirty Second Edition",N/A,4.1,"₹2,370.00"
154,Benimadhav Shiler Ful Panjika 1429 || English 2022-2023,N/A,4.7,₹80.00
155,The Picture of Dorian Gray (Deluxe Hardbound Edition),N/A,4.6,₹259.00
156,JAIIB - PPB + Accounts + LAB - Macmillan - New Latest Editions - Set of 3 Books,N/A,4.5,"₹1,927.00"
157,Bhagvad gita as it is Hindi,His Divine Grace A.C. Bhaktivedanta Swami Prabhupada,4.7,₹148.00
158,1984,George Orwell,4.5,₹96.00
159,Motivation- Colouring Book for Adults: Adult Colouring Book for Peace & Relaxation,Dreamland Publications,4.5,₹99.00
160,Quanta Quantitative Aptitude by Aashish Arora (English Medium)(3662),N/A,4.8,₹406.00
161,"Tuesdays With Morrie: An old man, a young man, and life's greatest lesson",Mitch Albom,4.6,₹246.05
162,S Chand's Mental Mathematics for Class-3,R.S Aggarwal,4.5,₹251.00
163,How To Win Friend And Influence People,Dale Carnegie,4.5,₹81.00
164,Cracking the CSAT Paper 2,N/A,4.4,₹483.00
165,CBSE All In One Hindi B Class 10 2022-23 Edition,N/A,4.5,₹384.00
166,Physics Galaxy 2020-21 : Advanced Illustration in Physics,Ashish Arora,4.6,₹470.00
167,Rich Dad Poor Dad (tamil),Robert T Kiyosaki,4.5,₹291.00
168,Quarterly Current Affairs 2022 Vol. 1 - January to March for Competitive Exams with Video eCourse 6th Edition,Disha Experts,4.1,₹168.00
169,The Art of War,Sun Tzu,4.3,₹69.00
170,"Story book: 365 Stories from the Vedas, the Upanishads and the Puranas for Children (with colourful illustrations) (365 series)",N/A,4.6,₹645.00
171,Autobiography of a Yogi,Paramahansa Yogananda,4.6,₹94.00
172,Panchatantra Ki 101 Kahaniyan: Collection Of Witty Moral Stories For Kids For Personality Development In Hindi,Wonder House Books,4.5,₹299.00
173,Peppa Pig: Little Library,N/A,4.3,₹263.00
174,The Midnight Library,Matt Haig,4.4,₹381.00
175,How to Prepare For LOGICAL REASONING For CAT ( With CAT Practice Tests on Pull Marks ) | 6th Edition,Arun Sharma,4.5,₹469.00
176,"How To Win Friends & Influence People, International Bestseller",Dale Carnegie,4.5,₹109.00
177,High School Wren and Martin English Grammar and Composition (Regular Edition) + Key to Wren and Martin English Grammar & Composition - COMBO,P. C. Wren,4.5,₹487.00
178,Oxford 2022 NTA UGC Paper 1 - NET/SET/JRF | Third Edition | Teaching and Research Aptitude with December 2021 Solved Papers,Harpreet Kaur,4.3,₹351.00
179,General Knowledge 2023,Manohar Pandey,4.0,₹35.00
180,Believe in Yourself,N/A,4.3,₹99.00
181,Pearson IIT Foundation Mathematics Class 9| 2022 Edition| By Pearson,N/A,4.5,₹458.00
182,The Magic,Rhonda Byrne,4.6,₹263.00
183,ABC Colouring Book for Age 2 -5 Years- Fun filled Activities for Children My Activity Series,Dreamland Publications,4.4,₹79.00
184,My Big Book of Creative Crayons,Wonder House Books,4.5,₹142.00
185,Harry Potter and the Prisoner of Azkaban,J.K. Rowling,4.7,₹319.00
186,S. Chand's Mental Mathematics For Class 2,R.S Aggarwal,4.5,₹220.00
187,Harry Potter and the Goblet of Fire,J.K. Rowling,4.7,₹559.00
188,Reminders Of Him: A Novel,Colleen Hoover,4.6,₹291.00
189,Applied Mathematics for Class 12 - CBSE - Including Objective Type Questions - Examination 2022-23,M L Aggarwal,4.4,₹301.00
190,Oxford University Press Third Edition Student Atlas For India,N/A,4.6,₹249.00
191,Coffee Can Investing: The Low Risk Road to Stupendous Wealth,Saurabh Mukherjea,4.5,₹349.00
192,The Psychology of Money hey make them at the dinner table Set of 2 Books,Morgan Housel,4.1,₹199.00
193,Fruits Copy Colour Book for Kids Age 1 -6 Years - Drawing and Painting Book for Early Learners (Copy Colour Books),N/A,4.3,₹70.00
194,A Brief History Of Time: From Big Bang To Black Holes,Stephen Hawking,4.6,₹317.00
195,"365 Facts on Space Book for Children Age 7-15 years, 80 Pages",Dreamland Publications,4.5,₹201.00
196,Brain Boosting Activity Book for Kids – 200+ Activities for Age 3+,Maple Press,4.4,₹82.00
197,Mathematics for Class 7 - CBSE - by R.S. Aggarwal Examination 2022-2023,R.S. Aggarwal,4.5,₹235.00
198,"Oswaal CBSE Sample Question Papers For Term 2, Class 12 Business Studies Book (For 2022 Exam)",Oswaal Editorial Board,4.6,₹153.00
199,Baby Record Book : Newborn Journal For Boys And Girls To Cherish Memories And Milestones (Ideal Gift For Expecting Parents and Baby Shower),N/A,4.5,₹186.00
200,The Laws of Human Nature,Robert Greene,4.6,₹459.00
201,The Palace of Illusions: 10th Anniversary Edition,Chitra Banerjee Divakaruni,4.6,₹256.00
202,Crime and Punishment,Fyodor Dostoyevsky,4.5,₹188.00
203,Indian Economic Development for Class 12 - CBSE - by Sandeep Garg Examination 2022-23,Sandeep Garg,4.5,₹275.00
204,BlackBook of English Vocabulary January 2022,N/A,4.4,₹289.00
205,NCERT Exemplar Problems-Solutions MATHEMATICS class 10th,N/A,4.4,₹135.00
206,Complete Guide To NDA Maths,N/A,4.2,₹999.00
207,Doodle Coloring For Girls (Doodle Coloring Books),Wonder House Books,4.5,₹69.00
208,Life is What You Make It,Preeti Shenoy,4.3,₹99.00
209,The Origin of Species,Charles Darwin,4.5,₹149.00
210,NCERT- 12th Biology Text Book,N/A,4.3,₹204.00
211,"NTA UGC NET / JRF / SET Paper 1 Question Bank All PYQs & Expected MCQs with Solutions - Updated New Edition 2022 - Way to JRF (Paperback, Navdeep Kaur)",N/A,4.3,₹586.00
212,"My Life in Full: Work, Family, and Our Future (With a special Epilogue for India)",N/A,4.6,₹429.00
213,Objective General English,S.P. Bakshi,4.3,₹285.00
214,"How the Earth Got Its Beauty: Puffin Chapter Book: Gorgeous new full colour, illustrated chapter book for young readers from ages 5 and up by Sudha Murty",N/A,4.7,₹152.02
215,Arihant CBSE Physical Education Term 2 Class 12 for 2022 Exam (Cover Theory and MCQs),Reena Kar,4.4,₹110.00
216,The Song of Achilles,Madeline Miller,4.6,₹379.00
217,"Oswaal CBSE Question Bank Chapterwise For Term 2, Class 10, Science (For 2022 Exam)",Oswaal Editorial Board,4.4,₹195.00
218,"NCERT Summary (Class VI – XII) One linear for UPSC/IAS Preparation, State Civil Services, Competitive Examinations",N/A,4.2,₹242.00
219,Limitless: The Power of Unlocking Your True Potential,Radhika Gupta,4.5,₹335.00
220,The Daughter from a Wishing Tree: Unusual Tales about Women in Mythology,N/A,4.7,₹186.00
221,Journey to the Centre of the Earth,Jules Verne,4.4,₹94.00
222,Ret Samadhi - Hindi,N/A,3.9,₹325.00
223,365 English Activity Book for Age 6+,Dreamland Publications,4.4,₹198.00
224,"The Jungle Book (Campbell First Stories) (Campbell First Stories, 5)",N/A,4.4,₹329.00
225,The Millionaire Fastlane: Crack the Code to Wealth and Live Rich for a Lifetime,M J DeMarco,4.5,₹291.00
226,S. Chand's Mental Mathematics For Class 1,R.S Aggarwal,4.5,₹178.00
227,My First 4 in 1 Alphabet Numbers Colours Shapes: Padded Board Books,Wonder House Books,4.3,₹250.00
228,"The Yearly Current Affairs 2022 for Competitive Exams (UPSC, State PSC, SSC, Bank PO/ Clerk, BBA, MBA, RRB, NDA, CDS, CAPF, CRPF) 7th Edition",N/A,4.2,₹167.00
229,Harry Potter and the Order of the Phoenix,J.K. Rowling,4.7,₹489.00
230,101 Copy Coloring: Fun Activity Book For Children,Wonder House Books,4.5,₹132.00
231,Bhagvad Gita As It Is English New Edition,N/A,4.7,₹249.00
232,N/A,N/A,4.3,₹250.00
233,My First Little Librarian: Boxset of 24 Best Board Books for Kids,N/A,4.5,₹664.00
234,Arihant CBSE Term 2 Mathematics Class 12 Sample Question Papers (As per CBSE Term 2 Sample Paper Issued on 14 Jan 2022),Raju Regar,4.5,₹129.00
235,"The Politics: Aristotle's philosophy on ""Man"" as a ""political animal""",Aristotle,4.5,₹98.00
236,Pearson IIT Foundation Chemistry Class 9| 2022 Edition| By Pearson,N/A,4.6,₹248.30
237,"The Rudest Book Ever Paperback – 9 December 2019 motivation, bestseller, self help",Shwetabh Gangwar,4.4,0
238,"Combo Pack: Lakhmir Singh Class 9 Science (Biology, Physics, Chemistry) 2022-23 EDITION",N/A,4.3,"₹1,285.00"
239,Foundation Science Physics For Class 10 by H.C Verma Examination 2022-23,H.C. Verma,4.5,₹240.00
